{"cameraMode":{"drawMode":0,"name":"Shaded","section":"Shading Mode"},"sceneLighting":true,"audioPlay":false,"sceneViewState":{"m_AlwaysRefresh":false,"showFog":true,"showSkybox":true,"showFlares":true,"showImageEffects":true,"showParticleSystems":true,"showVisualEffectGraphs":true,"m_FxEnabled":true},"in2DMode":false,"pivot":{"x":-8.217691421508789,"y":-1.142018437385559,"z":-1.6098861694335938},"rotation":{"x":0.13523386418819428,"y":-0.12421765178442002,"z":0.01704537123441696,"w":0.9828889966011047},"size":11.531694412231446,"orthographic":false}